"state","icpsrState","cd","icpsrLegis","party","partyCode","missingVotes","idealPoint","lo","up","label","indx"
"NJ",12,12,21538,"D",100,3,-2.67308800531749,-3.40971885656915,-1.82661368246099,"WATSON (D NJ-12)",1
"IL",21,9,29911,"D",100,7,-2.2137134598106,-3.23659950168041,-1.33151862398589,"SCHAKOWSKY (D IL-9)",2
"CA",71,11,21504,"D",100,2,-2.20681887472138,-2.82634079152436,-1.6513524792213,"DESAULNIER (D CA-11)",3
"WA",73,7,21726,"D",100,1,-1.96275334078164,-2.78389289673299,-1.34768133325328,"JAYAPAL (D WA-7)",4
"MS",46,2,29368,"D",100,6,-1.92802862513585,-2.41214779454469,-1.31929528564578,"THOMPSON (D MS-2)",5
"CA",71,13,29778,"D",100,8,-1.89181874203458,-2.4827233369986,-1.27143224579812,"LEE (D CA-13)",6
"MA",3,2,29729,"D",100,2,-1.8822598560785,-2.58278522215627,-1.21085786813405,"MCGOVERN (D MA-2)",7
"MD",52,3,20724,"D",100,0,-1.85150009704616,-2.6170104299956,-1.2368020297531,"SARBANES (D MD-3)",8
"CA",71,37,21110,"D",100,15,-1.82179769867989,-2.45868306051925,-1.11541349077121,"BASS (D CA-37)",9
"GA",44,5,15431,"D",100,8,-1.81959973077988,-2.50895055797304,-1.22270922514296,"LEWIS (D GA-5)",10
"SC",48,6,39301,"D",100,12,-1.78082669316455,-2.32957108713085,-1.07897472906325,"CLYBURN (D SC-6)",11
"MD",52,8,21741,"D",100,2,-1.75949382759483,-2.42014906445402,-1.21516792324668,"RASKIN (D MD-8)",12
"NJ",12,10,31103,"D",100,51,-1.69591709727288,-2.31482480521705,-1.12364855793856,"PAYNE (D NJ-10)",13
"IN",22,7,20757,"D",100,11,-1.66304646022746,-2.23616792013669,-1.13858385597733,"CARSON (D IN-7)",14
"AZ",61,3,20305,"D",100,25,-1.66254108707,-2.41151692792729,-0.952568261723226,"GRIJALVA (D AZ-3)",15
"PA",14,1,29777,"D",100,4,-1.64006171859308,-2.23893866664663,-1.05217822521546,"BRADY (D PA-1)",16
"CA",71,38,20310,"D",100,7,-1.62010059211719,-2.21722400597142,-1.08612558163282,"SANCHEZ (D CA-38)",17
"NY",13,25,15444,"D",100,89,-1.57940137380213,-2.17593713073079,-1.04495045763763,"SLAUGHTER (D NY-25)",18
"NJ",12,6,15454,"D",100,0,-1.55547200028288,-2.28493983046792,-1.01904879837045,"PALLONE (D NJ-6)",19
"WI",25,4,20537,"D",100,23,-1.53555700871461,-2.06437721986363,-1.05932514344276,"MOORE (D WI-4)",20
"PA",14,14,29561,"D",100,1,-1.50744528933295,-1.99256235818714,-0.999861436271114,"DOYLE (D PA-14)",21
"MA",3,5,21375,"D",100,14,-1.50497041077861,-2.07847918902153,-1.04894875170861,"CLARK (D MA-5)",22
"LA",45,2,21137,"D",100,40,-1.49279317896098,-2.00770467763957,-1.03179087767828,"RICHMOND (D LA-2)",23
"OH",24,11,20941,"D",100,10,-1.48127467391667,-1.97191894782696,-1.01169383664041,"FUDGE (D OH-11)",24
"RI",5,2,20136,"D",100,3,-1.47919548933632,-1.99027219451926,-0.971592677047579,"LANGEVIN (D RI-2)",25
"NY",13,20,20934,"D",100,14,-1.47313685203387,-2.04094986857321,-1.02179375301449,"TONKO (D NY-20)",26
"CA",71,43,29106,"D",100,9,-1.4005588120829,-1.79993645040095,-1.04468479562585,"WATERS (D CA-43)",27
"CA",71,17,21728,"D",100,1,-1.39822373249278,-1.87089946704135,-0.956359613629663,"KHANNA (D CA-17)",28
"NY",13,13,21715,"D",100,1,-1.38239881755039,-1.83909968787831,-0.927120855758718,"ESPAILLAT (D NY-13)",29
"NC",47,1,20340,"D",100,18,-1.35495493249924,-1.80537328996975,-0.897186336263367,"BUTTERFIELD (D NC-1)",30
"NY",13,9,20733,"D",100,4,-1.35194645588479,-1.94241275565225,-0.838669620507269,"CLARKE (D NY-9)",31
"FL",43,24,21118,"D",100,11,-1.34533771631325,-1.83481982559056,-0.972140034210605,"WILSON (D FL-24)",32
"CA",71,44,21703,"D",100,2,-1.33782220850858,-1.81763166017874,-0.883552762955376,"BARRAGAN (D CA-44)",33
"MD",52,7,29587,"D",100,12,-1.33771178655777,-1.76054156169076,-0.888523211784707,"CUMMINGS (D MD-7)",34
"FL",43,20,29337,"D",100,6,-1.33670656356483,-1.75546622192416,-0.993665548229793,"HASTINGS (D FL-20)",35
"AL",41,7,21102,"D",100,5,-1.33329278610626,-1.888653331609,-0.863850407763116,"SEWELL (D AL-7)",36
"VT",6,1,20750,"D",100,15,-1.33255169044542,-1.89928742750686,-0.8613743990108,"WELCH (D VT-1)",37
"PA",14,2,21566,"D",100,8,-1.32755842637843,-1.78715203997965,-0.906521535108349,"EVANS (D PA-2)",38
"HI",82,1,21124,"D",100,2,-1.32632469364862,-1.85909279655479,-0.837775353331423,"HANABUSA (D HI-1)",39
"CA",71,12,15448,"D",100,36,-1.31099281840159,-1.78920517916993,-0.818078667156932,"PELOSI (D CA-12)",40
"MI",23,13,10713,"D",100,9,-1.30115158212276,-1.70894555984958,-0.960435975996899,"CONYERS (D MI-13)",41
"IL",21,7,29717,"D",100,39,-1.29507475765572,-1.69803942357172,-0.828794458043161,"DAVIS (D IL-7)",42
"NY",13,17,15612,"D",100,2,-1.28383163291287,-1.66018094341854,-0.912876288414999,"LOWEY (D NY-17)",43
"VA",40,4,21736,"D",100,15,-1.26082438782533,-1.73592274279957,-0.787176032425679,"MCEACHIN (D VA-4)",44
"MI",23,12,21529,"D",100,6,-1.25331418355623,-1.68287911078419,-0.832933786790955,"DINGELL (D MI-12)",45
"WI",25,2,21370,"D",100,6,-1.25029846458859,-1.66669316613669,-0.892402927818525,"POCAN (D WI-2)",46
"CA",71,47,21313,"D",100,2,-1.23875125890557,-1.69646319538689,-0.864461709349907,"LOWENTHAL (D CA-47)",47
"CA",71,28,20104,"D",100,0,-1.22958612555248,-1.56252706691687,-0.886632263202399,"SCHIFF (D CA-28)",48
"NC",47,12,21545,"D",100,1,-1.22852883191382,-1.63384304441558,-0.848528519651668,"ADAMS (D NC-12)",49
"RI",5,1,21172,"D",100,3,-1.20412877206004,-1.56142163069106,-0.854764746312826,"CICILLINE (D RI-1)",50
"MI",23,14,21530,"D",100,11,-1.20168831318668,-1.63846190647505,-0.820046968800108,"LAWRENCE (D MI-14)",51
"CO",62,1,29710,"D",100,3,-1.20059808383322,-1.58477583552326,-0.819566565749823,"DEGETTE (D CO-1)",52
"NY",13,10,29377,"D",100,14,-1.18692295871951,-1.56584456668042,-0.836885514200866,"NADLER (D NY-10)",53
"FL",43,14,20708,"D",100,3,-1.17316339032461,-1.55927345013663,-0.826982088662212,"CASTOR (D FL-14)",54
"OH",24,3,21352,"D",100,12,-1.17089843505443,-1.56931596943333,-0.764913789349307,"BEATTY (D OH-3)",55
"CA",71,27,20955,"D",100,5,-1.16983758953677,-1.59824237068885,-0.763616524374535,"CHU (D CA-27)",56
"CA",71,34,29316,"D",100,42,-1.16434367264049,-2.05576158847964,-0.486183913898473,"BECERRA (D CA-34)",57
"NM",66,3,20932,"D",100,1,-1.1639995988927,-1.51708808976424,-0.804460791642176,"LUJAN (D NM-3)",58
"IL",21,2,21371,"D",100,13,-1.16335973662157,-1.57523546311373,-0.808262089650169,"KELLY (D IL-2)",59
"PA",14,13,21548,"D",100,13,-1.15794510091279,-1.61590928085978,-0.83060427418334,"BOYLE (D PA-13)",60
"CA",71,41,21312,"D",100,17,-1.13330293617061,-1.47830828403241,-0.827859931710552,"TAKANO (D CA-41)",61
"MO",34,1,20147,"D",100,7,-1.13135013978811,-1.48463243281098,-0.801087370367372,"CLAY (D MO-1)",62
"MD",52,5,14873,"D",100,12,-1.1286800161162,-1.44783226999452,-0.797407539637148,"HOYER (D MD-5)",63
"CT",1,3,29109,"D",100,2,-1.12498981224684,-1.53096923433077,-0.76111627232745,"DELAURO (D CT-3)",64
"ME",2,1,20920,"D",100,3,-1.11627521999678,-1.47042363865413,-0.807741085134098,"PINGREE (D ME-1)",65
"CA",71,3,20958,"D",100,4,-1.10730061325082,-1.45385929588086,-0.775768308132402,"GARAMENDI (D CA-3)",66
"FL",43,21,21321,"D",100,24,-1.10031421505036,-1.473251742974,-0.775713893559509,"FRANKEL (D FL-21)",67
"NY",13,8,21343,"D",100,15,-1.09137849696962,-1.50362948195585,-0.770271796478916,"JEFFRIES (D NY-8)",68
"CA",71,14,20762,"D",100,6,-1.08302958739895,-1.39811750954216,-0.771855716370997,"SPEIER (D CA-14)",69
"DE",11,1,21706,"D",100,3,-1.07866004872037,-1.42466661776354,-0.778488062146966,"BLUNT (D DE-1)",70
"CA",71,51,21314,"D",100,2,-1.07531305755936,-1.4086628114715,-0.775903206183726,"VARGAS (D CA-51)",71
"MA",3,4,21335,"D",100,0,-1.07469283278049,-1.3995118591523,-0.765015480404416,"KENNEDY (D MA-4)",72
"MA",3,7,29919,"D",100,3,-1.07162974754393,-1.3466895994294,-0.772243469829068,"CAPUANO (D MA-7)",73
"CA",71,32,29903,"D",100,3,-1.06341639159536,-1.34371515843299,-0.770171315709973,"NAPOLITANO (D CA-32)",74
"MA",3,1,15616,"D",100,1,-1.06292934377611,-1.36583047479527,-0.811865294106387,"NEAL (D MA-1)",75
"NY",13,6,21342,"D",100,16,-1.05479060825543,-1.38717483706453,-0.753834788092566,"MENG (D NY-6)",76
"MA",3,8,20119,"D",100,8,-1.04422766792674,-1.33192253598918,-0.750419074960521,"LYNCH (D MA-8)",77
"MO",34,5,20517,"D",100,35,-1.04291274804225,-1.42469002879426,-0.69210071045846,"CLEAVER (D MO-5)",78
"NY",13,5,29776,"D",100,15,-1.04027072285472,-1.35671578120804,-0.756962554340118,"MEEKS (D NY-5)",79
"IL",21,8,21730,"D",100,1,-1.01883829805786,-1.30101770458484,-0.756659866624975,"KRISHNAMOOR (D IL-8)",80
"CA",71,9,20702,"D",100,1,-1.01848945667617,-1.35732282317058,-0.728424481485403,"MCNERNEY (D CA-9)",81
"CT",1,1,29908,"D",100,11,-1.00833471431044,-1.31578084886129,-0.725434418957617,"LARSON (D CT-1)",82
"TX",49,30,39305,"D",100,13,-1.0071546474352,-1.31726402740538,-0.710188051608377,"JOHNSON (D TX-30)",83
"NY",13,14,29925,"D",100,6,-1.00476641246612,-1.30736683425693,-0.723936224626752,"CROWLEY (D NY-14)",84
"TX",49,35,29571,"D",100,3,-0.997678088862437,-1.28152282565807,-0.737970497880282,"DOGGETT (D TX-35)",85
"IL",21,1,29346,"D",100,163,-0.99669444546783,-1.32144036214037,-0.653807103666481,"RUSH (D IL-1)",86
"KY",51,3,20723,"D",100,4,-0.996566128311065,-1.33460609956813,-0.706678292979748,"YARMUTH (D KY-3)",87
"NY",13,26,20519,"D",100,11,-0.993840393177835,-1.30893626146199,-0.714036045678877,"HIGGINS (D NY-26)",88
"CA",71,35,21508,"D",100,6,-0.991428821371222,-1.26510859471902,-0.692643094926692,"TORRES (D CA-35)",89
"FL",43,23,20504,"D",100,6,-0.980342000055959,-1.24127174822194,-0.691427591051833,"WASSERMAN (D FL-23)",90
"NJ",12,1,21536,"D",100,1,-0.978817176303116,-1.27525252931924,-0.728669101823759,"NORCROSS (D NJ-1)",91
"MI",23,9,15033,"D",100,0,-0.973720105548926,-1.22570614961323,-0.738507753108491,"LEVIN (D MI-9)",92
"FL",43,10,21713,"D",100,5,-0.96890974985671,-1.23102652229895,-0.747608879342042,"DEMINGS (D FL-10)",93
"OR",72,4,15410,"D",100,5,-0.964611979823154,-1.28000025112869,-0.708446778246399,"DEFAZIO (D OR-4)",94
"FL",43,22,20959,"D",100,28,-0.963295276322393,-1.28394845244456,-0.650752518409681,"DEUTCH (D FL-22)",95
"MN",33,4,20122,"D",100,3,-0.959444131111056,-1.23705840967079,-0.722092407701596,"MCCOLLUM (D MN-4)",96
"VA",40,3,39307,"D",100,0,-0.951856989482864,-1.20263270803983,-0.717093796251166,"SCOTT (D VA-3)",97
"IL",21,5,20954,"D",100,11,-0.949426749908107,-1.23887799757226,-0.725291518256591,"QUIGLEY (D IL-5)",98
"WA",73,9,29768,"D",100,9,-0.937681870241948,-1.19583590328951,-0.709121888002142,"SMITH (D WA-9)",99
"NY",13,16,15603,"D",100,10,-0.937184838310757,-1.18138723339979,-0.697516239323552,"ENGEL (D NY-16)",100
"NY",13,7,29378,"D",100,5,-0.935715044851652,-1.199104486161,-0.704452069304533,"VELAZQUEZ (D NY-7)",101
"NY",13,15,29134,"D",100,1,-0.923529543880102,-1.18369768072528,-0.715719928093538,"SERRANO (D NY-15)",102
"TX",49,33,21365,"D",100,1,-0.914748003315986,-1.14551086072108,-0.693281413151507,"VEASEY (D TX-33)",103
"MD",52,4,21707,"D",100,13,-0.914676831057838,-1.18433183454801,-0.685612586112677,"BROWN (D MD-4)",104
"CA",71,24,21709,"D",100,0,-0.914498497081065,-1.13693554918436,-0.701513493317741,"CARBAJAL (D CA-24)",105
"CA",71,33,21507,"D",100,17,-0.907327896445255,-1.16989825194658,-0.669324736328305,"LIEU (D CA-33)",106
"OR",72,1,21198,"D",100,0,-0.905313138187012,-1.14201445736884,-0.689060232849193,"BONAMICI (D OR-1)",107
"NC",47,4,15438,"D",100,5,-0.904839233961683,-1.1638927117328,-0.678517261005998,"PRICE (D NC-4)",108
"MI",23,5,21372,"D",100,9,-0.903458296358003,-1.15033880551523,-0.707891659377681,"KILDEE (D MI-5)",109
"TN",54,9,20748,"D",100,1,-0.901106418886538,-1.1283655847939,-0.699319921472947,"COHEN (D TN-9)",110
"TX",49,9,20529,"D",100,8,-0.890279455687445,-1.11335888068821,-0.690856659038807,"GREEN (D TX-9)",111
"NV",65,1,20927,"D",100,45,-0.885079066580488,-1.12376977202504,-0.652538207384911,"TITUS (D NV-1)",112
"NJ",12,8,20542,"D",100,9,-0.880292844173723,-1.11978816727465,-0.67229258965107,"SIRES (D NJ-8)",113
"CT",1,2,20706,"D",100,0,-0.878184456511141,-1.11824083143373,-0.668642980908793,"COURTNEY (D CT-2)",114
"WA",73,2,20145,"D",100,5,-0.87353468207964,-1.08785957479582,-0.660505180457417,"LARSEN (D WA-2)",115
"IL",21,4,29348,"D",100,37,-0.872698050172975,-1.07832468771816,-0.6812717919764,"GUTIARREZ (D IL-4)",116
"AZ",61,7,21502,"D",100,24,-0.863997415556305,-1.05440906423022,-0.676565520876325,"GALLEGO (D AZ-7)",117
"NM",66,1,21341,"D",100,0,-0.863845918534209,-1.10028124668307,-0.651089819722759,"LUJAN (D NM-1)",118
"NV",65,4,21729,"D",100,1,-0.86245066789297,-1.1138760219528,-0.67728756988898,"KIHUEN (D NV-4)",119
"CA",71,40,29317,"D",100,4,-0.833357294160853,-1.0322258612765,-0.655766303505166,"ROYBAL-ALLA (D CA-40)",120
"VA",40,8,21554,"D",100,12,-0.832701544763885,-1.03213048882179,-0.653162048370893,"BEYER (D VA-8)",121
"NH",4,1,20731,"D",100,1,-0.832611836937055,-1.02842433092412,-0.642758323825768,"SHEA-PORTER (D NH-1)",122
"CA",71,53,20108,"D",100,23,-0.830756651799553,-1.04060813233802,-0.616382911015918,"DAVIS (D CA-53)",123
"NJ",12,9,29741,"D",100,7,-0.829547922975869,-1.05995571062742,-0.64232961952721,"PASCRELL (D NJ-9)",124
"PA",14,17,21358,"D",100,2,-0.828753546880085,-1.02061964505284,-0.630103013344562,"CARTWRIGHT (D PA-17)",125
"CA",71,18,29312,"D",100,0,-0.824769612065581,-1.02597807576886,-0.63731988826888,"ESHOO (D CA-18)",126
"CA",71,6,20538,"D",100,13,-0.824445714172613,-1.03868646403048,-0.645944888751022,"MATSUI (D CA-6)",127
"MD",52,2,20329,"D",100,1,-0.823689271078382,-1.04212507826247,-0.641240958452576,"RUPPERSBERG (D MD-2)",128
"FL",43,9,21746,"D",100,2,-0.815229395297279,-1.01500020793462,-0.637719583397664,"SOTO (D FL-9)",129
"OH",24,13,20343,"D",100,40,-0.813411488895712,-1.02899668120167,-0.602716265745006,"RYAN (D OH-13)",130
"TX",49,18,29573,"D",100,12,-0.812989728011137,-1.02362269391414,-0.627140125782288,"JACKSON (D TX-18)",131
"CT",1,5,21316,"D",100,0,-0.807785005496826,-0.986953575128714,-0.624676234320439,"ESTY (D CT-5)",132
"CA",71,19,29504,"D",100,11,-0.806991658362701,-0.974908445403043,-0.66223395945265,"LOFGREN (D CA-19)",133
"MA",3,9,21140,"D",100,2,-0.806938175954077,-1.01391983566196,-0.617776620419079,"KEATING (D MA-9)",134
"OR",72,3,29588,"D",100,13,-0.804832802359345,-0.982513080566881,-0.6134667884429,"BLUMENAUER (D OR-3)",135
"TX",49,20,21362,"D",100,4,-0.799123581506518,-0.980052902215001,-0.622296018458405,"CASTRO (D TX-20)",136
"IN",22,1,15124,"D",100,17,-0.798347386076307,-0.976349519366948,-0.6165884731857,"VISCLOSKY (D IN-1)",137
"NY",13,18,21344,"D",100,3,-0.798070129836293,-1.00021868189678,-0.63496264812554,"MALONEY (D NY-18)",138
"WA",73,10,21369,"D",100,2,-0.789560984439296,-0.97581928317833,-0.629617489368171,"HECK (D WA-10)",139
"CA",71,30,29707,"D",100,0,-0.783176194467341,-0.978023658359258,-0.602584094553055,"SHERMAN (D CA-30)",140
"CA",71,5,29901,"D",100,0,-0.78304656882679,-0.95194912363507,-0.596439551214989,"THOMPSON (D CA-5)",141
"IL",21,11,20749,"D",100,0,-0.778143111045369,-0.940766674300083,-0.616355656174811,"FOSTER (D IL-11)",142
"NY",13,12,29379,"D",100,11,-0.77240030821177,-0.947265192637865,-0.598029314276639,"MALONEY (D NY-12)",143
"CA",71,2,21303,"D",100,5,-0.770996371331599,-0.940323352925752,-0.601824367117097,"HUFFMAN (D CA-2)",144
"CA",71,29,21309,"D",100,6,-0.769043985731088,-0.940503308435259,-0.603848191956069,"CARDENAS (D CA-29)",145
"MN",33,8,14263,"D",100,5,-0.765006786022427,-0.955871448942822,-0.577354943520831,"NOLAN (D MN-8)",146
"CA",71,15,21306,"D",100,0,-0.752450426254075,-0.920629704203674,-0.604737690527151,"SWALWELL (D CA-15)",147
"WA",73,6,21368,"D",100,2,-0.749793135335531,-0.920167488948841,-0.587868210719918,"KILMER (D WA-6)",148
"MA",3,3,20754,"D",100,23,-0.748108935839048,-0.923023893673425,-0.600217688204923,"TSONGAS (D MA-3)",149
"CA",71,20,21740,"D",100,1,-0.747811080160072,-0.932280413034997,-0.584360769733945,"PANETTA (D CA-20)",150
"GA",44,4,20712,"D",100,16,-0.746926620297951,-0.932212292102636,-0.590406456698961,"JOHNSON (D GA-4)",151
"VA",40,11,20952,"D",100,1,-0.743418295967709,-0.895869846903132,-0.59475777046213,"CONNOLLY (D VA-11)",152
"WA",73,1,31101,"D",100,2,-0.733909898628648,-0.877616865569323,-0.566620951871942,"DELBENE (D WA-1)",153
"OH",24,9,15029,"D",100,5,-0.721347609588891,-0.893828328591058,-0.56282757082859,"KAPTUR (D OH-9)",154
"GA",44,13,20321,"D",100,17,-0.712645373219001,-0.867751926153149,-0.554702795156411,"SCOTT (D GA-13)",155
"CA",71,26,21308,"D",100,0,-0.710244505434198,-0.847903160783822,-0.568091981266957,"BROWNLEY (D CA-26)",156
"CA",71,31,21506,"D",100,0,-0.704613824062412,-0.848388426288151,-0.575042208351175,"AGUILAR (D CA-31)",157
"IL",21,17,21329,"D",100,4,-0.697804515036441,-0.83314090290402,-0.557882007284458,"BUSTOS (D IL-17)",158
"MN",33,5,20727,"D",100,11,-0.673969065854317,-0.799116773241364,-0.545396001831714,"ELLISON (D MN-5)",159
"HI",82,2,21324,"D",100,5,-0.672881058181088,-0.830973323200698,-0.551184457644032,"GABBARD (D HI-2)",160
"CO",62,2,20904,"D",100,2,-0.671196389835252,-0.810783349691565,-0.547058245524463,"POLIS (D CO-2)",161
"TX",49,15,21722,"D",100,9,-0.669968974795894,-0.810806518597537,-0.54513238961823,"GONZALEZ (D TX-15)",162
"CA",71,36,21311,"D",100,2,-0.665862331165912,-0.790381245899302,-0.535211664937322,"RUIZ (D CA-36)",163
"IA",31,2,20720,"D",100,7,-0.661066987265684,-0.796384733826468,-0.529815642520138,"LOEBSACK (D IA-2)",164
"NY",13,4,21540,"D",100,3,-0.652023318773515,-0.774402941442192,-0.516054479619323,"RICE (D NY-4)",165
"TX",49,16,21361,"D",100,5,-0.650181533507256,-0.779200809537258,-0.5347801184455,"O'ROURKE (D TX-16)",166
"MA",3,6,21525,"D",100,3,-0.640464827092167,-0.765055941057773,-0.516347298025609,"MOULTON (D MA-6)",167
"NH",4,2,21340,"D",100,5,-0.637603992580887,-0.764887894945715,-0.513159308285399,"KUSTER (D NH-2)",168
"FL",43,5,21732,"D",100,3,-0.635124184029564,-0.769271714866234,-0.502142605934152,"LAWSON (D FL-5)",169
"TX",49,34,21366,"D",100,2,-0.62706475895593,-0.755042184192795,-0.51087406154853,"VELA (D TX-34)",170
"GA",44,2,29339,"D",100,13,-0.625293433117563,-0.74729195887616,-0.510207153884034,"BISHOP (D GA-2)",171
"CA",71,7,21304,"D",100,0,-0.624549876888579,-0.734571410413138,-0.511716763668489,"BERA (D CA-7)",172
"CA",71,46,21711,"D",100,3,-0.612417227420405,-0.736634869686541,-0.505761494668401,"CORREA (D CA-46)",173
"MN",33,1,20726,"D",100,4,-0.610646468903593,-0.726475590933158,-0.50227706374942,"WALZ (D MN-1)",174
"CO",62,7,20705,"D",100,15,-0.610612881861803,-0.73444163958915,-0.493372818808402,"PERLMUTTER (D CO-7)",175
"MD",52,6,21334,"D",100,5,-0.608469590609105,-0.717372973596913,-0.500170763602895,"DELANEY (D MD-6)",176
"CT",1,4,20907,"D",100,5,-0.607949157571655,-0.719627297991084,-0.490791733129639,"HIMES (D CT-4)",177
"TX",49,29,39304,"D",100,7,-0.588559901888716,-0.702452214285194,-0.484898592352532,"GREEN (D TX-29)",178
"WI",25,3,29769,"D",100,2,-0.561566654562796,-0.667268967387243,-0.464428294515662,"KIND (D WI-3)",179
"NV",65,3,21743,"D",100,3,-0.537804369663538,-0.646951041797937,-0.442459726182747,"ROSEN (D NV-3)",180
"FL",43,13,21712,"D",100,4,-0.522699422612567,-0.617090514872889,-0.431884973713694,"CRIST (D FL-13)",181
"IL",21,3,20508,"D",100,1,-0.508618020774246,-0.589114677092217,-0.427290486548596,"LIPINSKI (D IL-3)",182
"IL",21,10,21326,"D",100,0,-0.503135036309092,-0.591121735556184,-0.426455909062773,"SCHNEIDER (D IL-10)",183
"FL",43,7,21738,"D",100,10,-0.48232485554341,-0.57637985848994,-0.402089472539432,"MURPHY (D FL-7)",184
"TN",54,5,15019,"D",100,2,-0.476505974949702,-0.556578400591427,-0.399825747122153,"COOPER (D TN-5)",185
"AZ",61,1,21739,"D",100,1,-0.467658993956796,-0.55085972572326,-0.391803393214238,"O'HALLERAN (D AZ-1)",186
"NY",13,3,21747,"D",100,11,-0.467355036327766,-0.558247827164138,-0.390131454249011,"SUOZZI (D NY-3)",187
"OR",72,5,20944,"D",100,2,-0.461146723128135,-0.545498530368007,-0.378173693332674,"SCHRADER (D OR-5)",188
"CA",71,52,21315,"D",100,1,-0.457831808727944,-0.538903548975297,-0.383805626680091,"PETERS (D CA-52)",189
"NJ",12,5,21723,"D",100,0,-0.402566510425722,-0.47838755809629,-0.331575717988447,"GOTTHEIMER (D NJ-5)",190
"TX",49,28,20533,"D",100,4,-0.380038198248542,-0.448445929993471,-0.314419684356611,"CUELLAR (D TX-28)",191
"CA",71,16,20501,"D",100,8,-0.356708343766156,-0.423928158756615,-0.296733270973154,"COSTA (D CA-16)",192
"AZ",61,9,21300,"D",100,38,-0.328099117133084,-0.39916490565496,-0.2666523361339,"SINEMA (D AZ-9)",193
"MN",33,7,29127,"D",100,3,-0.30308533117897,-0.372424307465842,-0.245016245815792,"PETERSON (D MN-7)",194
"NC",47,3,29546,"R",200,29,-0.0887577494578689,-0.150125853268917,-0.0297565852708389,"JONES (R NC-3)",195
"FL",43,27,15634,"R",200,10,0.110874326348323,0.051780165141524,0.174613230624174,"ROS-LEHTINE (R FL-27)",196
"FL",43,26,21512,"R",200,5,0.142914836698698,0.0763338557740621,0.2060686778146,"CURBELO (R FL-26)",197
"MI",23,3,21143,"R",200,1,0.170286377316986,0.106207241773048,0.234446760191469,"AMASH (R MI-3)",198
"OK",53,5,21546,"R",200,10,0.171491083312995,0.103352536847968,0.233727192783917,"RUSSELL (R OK-5)",199
"PA",14,8,21718,"R",200,2,0.17637622970087,0.113928299997172,0.246589290283634,"FITZPATRICK (R PA-8)",200
"NJ",12,2,29539,"R",200,0,0.193489380466419,0.125476220701745,0.263993767317626,"LOBIONDO (R NJ-2)",201
"KY",51,4,31102,"R",200,0,0.20895096729522,0.139816177832334,0.283456130865151,"MASSIE (R KY-4)",202
"NY",13,19,21716,"R",200,5,0.232815249577938,0.160177881323428,0.316689654399984,"FASO (R NY-19)",203
"NJ",12,4,14863,"R",200,1,0.241755647045121,0.161999753666605,0.317476077688914,"SMITH (R NJ-4)",204
"IA",31,1,21520,"R",200,0,0.24375671281769,0.166490567076336,0.319470815627632,"BLUM (R IA-1)",205
"TN",54,2,15455,"R",200,9,0.254328059022531,0.174616385367008,0.340585661239512,"DUNCAN (R TN-2)",206
"WV",56,1,21188,"R",200,0,0.27089559719825,0.18194572990303,0.355080794021066,"MCKINLEY (R WV-1)",207
"VA",40,9,21191,"R",200,2,0.271129285983607,0.184182434412486,0.35432195504056,"GRIFFITH (R VA-9)",208
"PA",14,7,21168,"R",200,2,0.282137976918645,0.187418570911749,0.374092261718608,"MEEHAN (R PA-7)",209
"FL",43,25,20316,"R",200,4,0.289329910749067,0.200754023084725,0.384216609700824,"DIAZ-BALART (R FL-25)",210
"PA",14,15,20526,"R",200,2,0.291909502615137,0.201569811789915,0.375183257714974,"DENT (R PA-15)",211
"NY",13,21,21541,"R",200,0,0.300367077456332,0.210415693569151,0.393687729649359,"STEFANIK (R NY-21)",212
"NY",13,24,21542,"R",200,2,0.312836593130405,0.214740315717109,0.407502216391293,"KATKO (R NY-24)",213
"SC",48,1,29565,"R",200,6,0.317562176092838,0.210117747536274,0.41484792195242,"SANFORD (R SC-1)",214
"CA",71,48,15621,"R",200,24,0.324382861240574,0.225112203011404,0.43593596917276,"ROHRABACHER (R CA-48)",215
"WA",73,3,21187,"R",200,0,0.327241385838304,0.229122630766245,0.432541349252228,"HERRERA (R WA-3)",216
"AK",81,1,14066,"R",200,12,0.333598864506753,0.239620896565749,0.457376895919039,"YOUNG (R AK-1)",217
"WA",73,8,20536,"R",200,3,0.333914787552364,0.233493461441058,0.439393261436565,"REICHERT (R WA-8)",218
"NJ",12,7,20929,"R",200,0,0.334316152524445,0.234479408866014,0.448265762822478,"LANCE (R NJ-7)",219
"NY",13,11,21560,"R",200,0,0.335980410303045,0.227535307607061,0.447787978544247,"DONOVAN (R NY-11)",220
"PA",14,6,21547,"R",200,1,0.338832085529388,0.227910635231963,0.460995535332992,"COSTELLO (R PA-6)",221
"IA",31,3,21521,"R",200,0,0.343426919836321,0.230040565350679,0.461951490478232,"YOUNG (R IA-3)",222
"NJ",12,3,21537,"R",200,4,0.359721620317696,0.239470816943341,0.487811944656298,"MACARTHUR (R NJ-3)",223
"TX",49,2,20528,"R",200,14,0.370360891339342,0.24672929477421,0.514680156498504,"POE (R TX-2)",224
"WV",56,3,21558,"R",200,3,0.378828059355037,0.245851696700442,0.517781979230376,"JENKINS (R WV-3)",225
"CO",62,3,21111,"R",200,6,0.382043376133467,0.242133742647233,0.51831714557744,"TIPTON (R CO-3)",226
"AL",41,3,20301,"R",200,9,0.385051336257501,0.255216778765432,0.531644973409155,"ROGERS (R AL-3)",227
"OH",24,14,21353,"R",200,5,0.392772146542952,0.264826806547177,0.536996356558783,"JOYCE (R OH-14)",228
"NY",13,2,29375,"R",200,15,0.395066610809875,0.26951424354086,0.564064335041048,"KING (R NY-2)",229
"CO",62,6,20906,"R",200,3,0.397737618553426,0.257738632989529,0.537245790776964,"COFFMAN (R CO-6)",230
"PA",14,16,21745,"R",200,1,0.397916307236795,0.26248970779959,0.555491801593345,"SMUCKER (R PA-16)",231
"OK",53,4,20344,"R",200,3,0.398295604515906,0.275065677616528,0.542115927826129,"COLE (R OK-4)",232
"TX",49,23,21550,"R",200,8,0.401879911175592,0.269353134288693,0.571966997017619,"HURD (R TX-23)",233
"TX",49,1,20527,"R",200,14,0.424809308993082,0.285364627847544,0.590890073376756,"GOHMERT (R TX-1)",234
"MI",23,6,15446,"R",200,0,0.426747424931418,0.284153382216339,0.600968183747453,"UPTON (R MI-6)",235
"AL",41,5,21193,"R",200,3,0.435045063524368,0.282164300287766,0.59248337066093,"BROOKS (R AL-5)",236
"CA",71,4,20903,"R",200,4,0.438952692496774,0.278218378873846,0.614358161073364,"MCCLINTOCK (R CA-4)",237
"IL",21,13,21328,"R",200,9,0.439751098494256,0.27906421463791,0.597916755597741,"DAVIS (R IL-13)",238
"CA",71,10,21109,"R",200,2,0.451494267411288,0.264115271130646,0.656822589242579,"DENHAM (R CA-10)",239
"WI",25,6,21559,"R",200,9,0.45312849566015,0.284928030161576,0.657223203572275,"GROTHMAN (R WI-6)",240
"AZ",61,5,21705,"R",200,0,0.454908038336914,0.289261078176229,0.639033915100911,"BIGGS (R AZ-5)",241
"LA",45,6,21523,"R",200,3,0.462172841725488,0.293068186585503,0.656052873087002,"GRAVES (R LA-6)",242
"KS",32,3,21135,"R",200,2,0.468318205685372,0.27601295162086,0.694532554476124,"YODER (R KS-3)",243
"OH",24,10,20342,"R",200,2,0.470537820404115,0.291238383916645,0.694822217563721,"TURNER (R OH-10)",244
"ME",2,2,21524,"R",200,7,0.470949415536557,0.300676584890384,0.649712316586771,"POLIQUIN (R ME-2)",245
"FL",43,8,20909,"R",200,1,0.472475171369602,0.279703135061663,0.708081291689844,"POSEY (R FL-8)",246
"FL",43,18,21735,"R",200,0,0.476205166011215,0.277626219313564,0.699666281847537,"MAST (R FL-18)",247
"TX",49,24,20532,"R",200,21,0.483641336543942,0.292326611168159,0.704495102233452,"MARCHANT (R TX-24)",248
"AL",41,4,29701,"R",200,5,0.48364925072793,0.292952721535787,0.709376153584726,"ADERHOLT (R AL-4)",249
"AZ",61,4,21103,"R",200,7,0.491794478598996,0.305915510456254,0.688681660531284,"GOSAR (R AZ-4)",250
"VA",40,10,21555,"R",200,7,0.493705684016698,0.294499272604597,0.70869535573105,"COMSTOCK (R VA-10)",251
"CA",71,39,29321,"R",200,2,0.500421971450075,0.315351816388372,0.697012537400681,"ROYCE (R CA-39)",252
"OH",24,12,20130,"R",200,3,0.505194416420667,0.316266327373882,0.721739160771998,"TIBERI (R OH-12)",253
"AZ",61,2,21501,"R",200,0,0.506548759157553,0.314367096935297,0.731187632855543,"MCSALLY (R AZ-2)",254
"OK",53,2,21355,"R",200,3,0.509539878360358,0.285517122161375,0.742893546855557,"MULLIN (R OK-2)",255
"IN",22,4,21131,"R",200,3,0.510933190962545,0.302701779202737,0.755961476784973,"ROKITA (R IN-4)",256
"FL",43,17,20910,"R",200,17,0.513308241228678,0.301172686653225,0.751596267019502,"ROONEY (R FL-17)",257
"NY",13,1,21539,"R",200,0,0.519653822607464,0.339883597972648,0.721185619521828,"ZELDIN (R NY-1)",258
"OK",53,3,29393,"R",200,0,0.520240387673456,0.338789019688235,0.728467076384166,"LUCAS (R OK-3)",259
"WV",56,2,21557,"R",200,0,0.524321349776616,0.311410481817803,0.766786510665834,"MOONEY (R WV-2)",260
"FL",43,1,21719,"R",200,2,0.537328280583636,0.335575485137948,0.74957341723207,"GAETZ (R FL-1)",261
"GA",44,14,20962,"R",200,1,0.544728870243002,0.320124056427454,0.761007436201623,"GRAVES (R GA-14)",262
"TN",54,8,21731,"R",200,0,0.545759287442808,0.334738852016086,0.80749276711811,"KUSTOFF (R TN-8)",263
"OH",24,8,21564,"R",200,2,0.551886812650463,0.334832425840691,0.804821195939916,"DAVIDSON (R OH-8)",264
"ID",63,1,21125,"R",200,3,0.552630939302823,0.31899311245357,0.838564757653476,"LABRADOR (R ID-1)",265
"OH",24,6,21162,"R",200,2,0.569917640857829,0.32883451363975,0.816566356218944,"JOHNSON (R OH-6)",266
"FL",43,6,21318,"R",200,0,0.581669319665598,0.316953137467789,0.898489027743434,"DESANTIS (R FL-6)",267
"MI",23,1,21704,"R",200,0,0.582924522868477,0.350238673317463,0.8749412771554,"BERGMAN (R MI-1)",268
"IN",22,9,21725,"R",200,0,0.583227228908631,0.344676905828857,0.857986427897448,"HOLLINGSWOR (R IN-9)",269
"KS",32,2,20915,"R",200,25,0.590261650592075,0.300013657060724,0.960437941923974,"JENKINS (R KS-2)",270
"NV",65,2,21196,"R",200,12,0.597340114867487,0.303906140246486,0.892909822713958,"AMODEI (R NV-2)",271
"CA",71,21,21307,"R",200,6,0.608018150382837,0.353248812073926,0.919787793115851,"VALADAO (R CA-21)",272
"NC",47,8,21346,"R",200,32,0.608805242536529,0.335187386107888,0.970566254717973,"HUDSON (R NC-8)",273
"MN",33,3,20924,"R",200,0,0.611720569716484,0.350206657388309,0.928163703006842,"PAULSEN (R MN-3)",274
"IL",21,12,21519,"R",200,2,0.619431514951988,0.325045334254296,0.980701194947558,"BOST (R IL-12)",275
"GA",44,7,21122,"R",200,2,0.620896480206585,0.368064565864794,0.959581068267571,"WOODALL (R GA-7)",276
"GA",44,9,21323,"R",200,2,0.621185872239349,0.348265633782483,1.00624377820395,"COLLINS (R GA-9)",277
"NC",47,7,21544,"R",200,2,0.622796227794004,0.355048324792918,0.965519733488243,"ROUZER (R NC-7)",278
"AR",42,2,21503,"R",200,3,0.628614264526665,0.328330349840744,1.00543443125861,"HILL (R AR-2)",279
"OH",24,15,21163,"R",200,2,0.629334678143305,0.360473134877633,0.946313244668355,"STIVERS (R OH-15)",280
"PA",14,5,20946,"R",200,0,0.639962200598626,0.354897987889865,1.03982947819544,"THOMPSON (R PA-5)",281
"NY",13,23,21101,"R",200,6,0.646233529271869,0.35013698862068,0.96760788706205,"REED (R NY-23)",282
"NC",47,5,20521,"R",200,0,0.650331455582264,0.323424304503964,1.04888498439551,"FOXX (R NC-5)",283
"WI",25,8,21720,"R",200,5,0.655575457100442,0.336970387498202,1.02432161066434,"GALLAGHER (R WI-8)",284
"TX",49,17,21182,"R",200,1,0.658949793737359,0.386134413724554,0.953198435184184,"FLORES (R TX-17)",285
"GA",44,1,21513,"R",200,6,0.659821741249029,0.337134942957212,1.02681327252916,"CARTER (R GA-1)",286
"NC",47,9,21347,"R",200,12,0.660512399248846,0.336168720247983,1.04070872583832,"PITTENGER (R NC-9)",287
"IL",21,16,21128,"R",200,3,0.663589101224166,0.300992838014528,1.11656840905772,"KINZINGER (R IL-16)",288
"AZ",61,8,20304,"R",200,5,0.664506429623867,0.338371985848945,1.072231585829,"FRANKS (R AZ-8)",289
"CA",71,25,21505,"R",200,1,0.671415411645313,0.346873633404937,1.05155586631106,"KNIGHT (R CA-25)",290
"MO",34,6,20124,"R",200,0,0.673907197544772,0.391832641042266,0.991198243928708,"GRAVES (R MO-6)",291
"WI",25,7,21189,"R",200,16,0.675263623480696,0.346429457224648,1.07815480455412,"DUFFY (R WI-7)",292
"NC",47,2,21349,"R",200,6,0.678019724420232,0.335341081936566,1.15456238188277,"HOLDING (R NC-2)",293
"TX",49,11,20531,"R",200,0,0.695591643797736,0.364162034145123,1.08192867899715,"CONAWAY (R TX-11)",294
"SC",48,5,21176,"R",200,91,0.697371130500622,-0.181295877371974,1.77786322374356,"MULVANEY (R SC-5)",295
"TX",49,10,20530,"R",200,13,0.70416045247522,0.376493900838754,1.08369255368717,"MCCAUL (R TX-10)",296
"MI",23,8,21527,"R",200,3,0.710848953485829,0.331059270098026,1.15801023996881,"BISHOP (R MI-8)",297
"OH",24,16,21164,"R",200,7,0.714728933421716,0.354769622218581,1.15224707886649,"RENACCI (R OH-16)",298
"MI",23,7,20725,"R",200,2,0.724493353699722,0.360243687514752,1.15593491318753,"WALBERG (R MI-7)",299
"IN",22,8,21132,"R",200,5,0.72822065039603,0.349598127287741,1.14216609209041,"BUCSHON (R IN-8)",300
"NY",13,22,21749,"R",200,2,0.730199338770783,0.332827790550784,1.16169571612295,"TENNEY (R NY-22)",301
"TX",49,26,20355,"R",200,0,0.768343968595498,0.426087282266794,1.21455944148196,"BURGESS (R TX-26)",302
"NC",47,11,21348,"R",200,3,0.769763870878699,0.37401744798403,1.33454564688344,"MEADOWS (R NC-11)",303
"GA",44,10,21514,"R",200,0,0.785465841818797,0.402617466666223,1.28761935107071,"HICE (R GA-10)",304
"IN",22,2,21330,"R",200,6,0.786486459175948,0.363146798132804,1.19597815917118,"WALORSKI (R IN-2)",305
"PA",14,11,21171,"R",200,22,0.787843802774865,0.367115791325408,1.29576595368041,"BARLETTA (R PA-11)",306
"TX",49,4,21549,"R",200,3,0.789735298530452,0.434996563377664,1.36198622559317,"RATCLIFFE (R TX-4)",307
"AL",41,6,21500,"R",200,2,0.791442709652131,0.409599685545837,1.22392638213284,"PALMER (R AL-6)",308
"KY",51,1,21565,"R",200,3,0.796853234469995,0.388787866972829,1.31672682960421,"COMER (R KY-1)",309
"SC",48,7,21359,"R",200,12,0.801636112380718,0.424118029842347,1.21558080200575,"RICE (R SC-7)",310
"TX",49,5,20352,"R",200,6,0.814478211733884,0.396156058305172,1.25256558777568,"HENSARLING (R TX-5)",311
"AR",42,3,21108,"R",200,0,0.816864658633875,0.397099022681603,1.28319502745769,"WOMACK (R AR-3)",312
"CA",71,49,20107,"R",200,2,0.819391026209131,0.421794723926166,1.3452927515343,"ISSA (R CA-49)",313
"MN",33,6,21531,"R",200,4,0.821398604691438,0.4040921897513,1.25240127884437,"EMMER (R MN-6)",314
"CA",71,1,21302,"R",200,10,0.824197228367295,0.428664302130948,1.29212743644569,"LAMALFA (R CA-1)",315
"LA",45,3,21724,"R",200,1,0.824404581383106,0.444354889001462,1.31414377415678,"HIGGINS (R LA-3)",316
"MO",34,4,21149,"R",200,6,0.826057837867808,0.449820419762071,1.27342380766144,"HARTZLER (R MO-4)",317
"PA",14,18,20346,"R",200,1,0.828458766216269,0.399316430579091,1.33508966363289,"MURPHY (R PA-18)",318
"MI",23,10,21737,"R",200,0,0.832454542712922,0.425059167294872,1.23841727196699,"MITCHELL (R MI-10)",319
"MI",23,2,21142,"R",200,7,0.843925089482254,0.375540748508862,1.34579083998969,"HUIZENGA (R MI-2)",320
"AL",41,2,21192,"R",200,2,0.847170186841537,0.407365107953251,1.36502605618421,"ROBY (R AL-2)",321
"OR",72,2,29932,"R",200,3,0.848719042969998,0.394624889172634,1.33635671985546,"WALDEN (R OR-2)",322
"FL",43,15,21117,"R",200,3,0.851818824290739,0.443619554277589,1.39273046077633,"ROSS (R FL-15)",323
"IL",21,18,21562,"R",200,0,0.860204910783046,0.385398281435758,1.49756355358658,"LAHOOD (R IL-18)",324
"MI",23,4,21526,"R",200,0,0.861674945803053,0.402296094894701,1.41150690910552,"MOOLENAAR (R MI-4)",325
"MO",34,3,20926,"R",200,0,0.871455342564596,0.374886564690473,1.44760107724497,"LUETKEMEYER (R MO-3)",326
"MI",23,11,21528,"R",200,7,0.875190668366096,0.444175187936276,1.42405536224091,"TROTT (R MI-11)",327
"PA",14,9,20134,"R",200,8,0.875356384635665,0.413250153058763,1.33353823336863,"SHUSTER (R PA-9)",328
"ND",36,1,21350,"R",200,3,0.877293329994432,0.374390304369791,1.56917849113431,"CRAMER (R ND-1)",329
"NJ",12,11,29541,"R",200,2,0.881785769620488,0.392911191137834,1.47865212492742,"FRELINGHUYS (R NJ-11)",330
"TX",49,12,29762,"R",200,0,0.895558345699366,0.448547506486726,1.38790111888607,"GRANGER (R TX-12)",331
"FL",43,4,21744,"R",200,26,0.897242939355573,0.399745806103147,1.50233711702624,"RUTHERFORD (R FL-4)",332
"KY",51,6,21333,"R",200,3,0.901277269521445,0.369853229591613,1.49295164957719,"BARR (R KY-6)",333
"MO",34,8,21373,"R",200,7,0.90891188080083,0.450463409133558,1.45133747129406,"SMITH (R MO-8)",334
"TX",49,14,21360,"R",200,0,0.914331450499245,0.455396439384977,1.52089858835486,"WEBER (R TX-14)",335
"NM",66,2,20337,"R",200,2,0.917429745364047,0.38233435398786,1.74810058505783,"PEARCE (R NM-2)",336
"UT",67,3,20949,"R",200,25,0.923515770071887,0.359669065212841,1.49328765145373,"CHAFFETZ (R UT-3)",337
"CO",62,4,21510,"R",200,2,0.936153619971054,0.460977012540414,1.38669952789023,"BUCK (R CO-4)",338
"MS",46,3,20925,"R",200,1,0.938464971378519,0.437737170782025,1.56150310442647,"HARPER (R MS-3)",339
"IN",22,5,21331,"R",200,0,0.939770900866554,0.456543716153457,1.59874665645156,"BROOKS (R IN-5)",340
"MN",33,2,21733,"R",200,0,0.940928351698571,0.455012432180127,1.41639058039393,"LEWIS (R MN-2)",341
"TN",54,1,20947,"R",200,3,0.941634797397128,0.355185277727842,1.87991731280611,"ROE (R TN-1)",342
"TX",49,27,21184,"R",200,1,0.941874345375328,0.430126774379541,1.55332515611672,"FARENTHOLD (R TX-27)",343
"OH",24,2,21351,"R",200,0,0.944458563406519,0.426837570678019,1.87089434982504,"WENSTRUP (R OH-2)",344
"FL",43,16,20709,"R",200,10,0.960384264510584,0.417711517835599,1.57618073289968,"BUCHANAN (R FL-16)",345
"CA",71,42,29323,"R",200,5,0.964296629810695,0.4236789443014,1.74928602268809,"CALVERT (R CA-42)",346
"FL",43,2,21714,"R",200,2,0.964798472297586,0.394353848272778,1.56610361657378,"DUNN (R FL-2)",347
"KS",32,1,21734,"R",200,2,0.970837081338978,0.37880246931565,1.65487592910751,"MARSHALL (R KS-1)",348
"SC",48,4,21175,"R",200,1,0.972569833143252,0.434446207172414,1.76511346232957,"GOWDY (R SC-4)",349
"SD",37,1,21177,"R",200,0,0.973932694719182,0.495178205453729,1.58824053194451,"NOEM (R SD-1)",350
"AZ",61,6,21105,"R",200,1,0.977431595449394,0.421829127027465,1.67706809632054,"SCHWEIKERT (R AZ-6)",351
"NY",13,27,21345,"R",200,30,0.978855458048951,0.40372414553086,1.80701803577653,"COLLINS (R NY-27)",352
"WA",73,4,21556,"R",200,30,0.984129237257243,0.497177552681295,1.55556858862505,"NEWHOUSE (R WA-4)",353
"TX",49,32,29759,"R",200,3,0.993543417919542,0.429940391547117,1.55517287748022,"SESSIONS (R TX-32)",354
"KY",51,5,14854,"R",200,2,0.999322145856815,0.403775700198797,1.65549579901086,"ROGERS (R KY-5)",355
"OH",24,4,20738,"R",200,19,1.0006122379636,0.402391743593754,1.67376897758706,"JORDAN (R OH-4)",356
"TX",49,21,15445,"R",200,10,1.00161211659907,0.477664694031295,1.50814658612614,"SMITH (R TX-21)",357
"OH",24,5,20755,"R",200,0,1.00211143236769,0.464306449897958,1.47014841407926,"LATTA (R OH-5)",358
"TX",49,13,29572,"R",200,0,1.01044759995905,0.341010658630073,1.76602509521897,"THORNBERRY (R TX-13)",359
"TN",54,6,21180,"R",200,4,1.01345964236879,0.38167448772537,1.7549800808806,"BLACK (R TN-6)",360
"TN",54,7,20351,"R",200,8,1.01347784933083,0.356740879700436,1.85350255800563,"BLACKBURN (R TN-7)",361
"MT",64,1,21532,"R",200,89,1.01907495267766,0.170058380538025,2.11174030938049,"ZINKE (R MT-1)",362
"IL",21,15,29718,"R",200,0,1.02379799676904,0.423163884027603,1.7617456175155,"SHIMKUS (R IL-15)",363
"VA",40,2,21748,"R",200,9,1.02397720813858,0.406452294639655,1.63019064852604,"TAYLOR (R VA-2)",364
"OH",24,1,29550,"R",200,0,1.02428218762166,0.448231259948596,1.83337740454205,"CHABOT (R OH-1)",365
"AR",42,1,21106,"R",200,7,1.0264567522757,0.421934586397159,1.72160804141726,"CRAWFORD (R AR-1)",366
"VA",40,6,39308,"R",200,2,1.02787344456792,0.424091058622383,1.75417463502413,"GOODLATTE (R VA-6)",367
"IL",21,6,20715,"R",200,3,1.0335663644313,0.369071373451915,1.76678395084209,"ROSKAM (R IL-6)",368
"KY",51,2,20916,"R",200,0,1.03544189252723,0.386529971217631,1.81735949296466,"GUTHRIE (R KY-2)",369
"IL",21,14,21129,"R",200,3,1.0395842902925,0.430450659199352,1.64553642680683,"HULTGREN (R IL-14)",370
"TX",49,7,20139,"R",200,3,1.0398545604833,0.364075200011243,1.64026242252464,"CULBERSON (R TX-7)",371
"PA",14,12,21357,"R",200,0,1.04106298438294,0.542826444503903,1.57825958128473,"ROTHFUS (R PA-12)",372
"FL",43,19,21742,"R",200,1,1.04522394175399,0.523445486337375,1.87549580460452,"ROONEY (R FL-19)",373
"WA",73,5,20535,"R",200,0,1.04921836758176,0.488472021534494,1.7450101769382,"MCMORRIS (R WA-5)",374
"ID",63,2,29910,"R",200,15,1.05500108301622,0.44584777058172,1.88446267025786,"SIMPSON (R ID-2)",375
"CA",71,8,21305,"R",200,0,1.06158984288015,0.578632271737312,1.55291699300471,"COOK (R CA-8)",376
"CA",71,45,21509,"R",200,0,1.07607865701837,0.419505768653252,1.88056372638951,"WALTERS (R CA-45)",377
"GA",44,12,21516,"R",200,2,1.09755279376285,0.418771208866399,1.73709620924469,"ALLEN (R GA-12)",378
"WY",68,1,21710,"R",200,1,1.10633116580628,0.576703212633641,1.67972815515441,"CHENEY (R WY-1)",379
"UT",67,4,21552,"R",200,4,1.11051634420532,0.437096061752902,1.95158533294996,"LOVE (R UT-4)",380
"TX",49,19,21700,"R",200,1,1.12182801269738,0.606514848934697,1.79106855970468,"ARRINGTON (R TX-19)",381
"MS",46,4,21148,"R",200,5,1.12312160415581,0.469036713865849,1.73129806172315,"PALAZZO (R MS-4)",382
"NE",35,2,21701,"R",200,0,1.12454535774556,0.520541195899088,1.82587709404321,"BACON (R NE-2)",383
"OH",24,7,21165,"R",200,2,1.13085206992095,0.438379445152691,1.91756921176862,"GIBBS (R OH-7)",384
"LA",45,1,20759,"R",200,1,1.13221403312023,0.432883285542501,1.82499176366026,"SCALISE (R LA-1)",385
"FL",43,12,20758,"R",200,2,1.13242368757275,0.554082677188682,1.80978152641311,"BILIRAKIS (R FL-12)",386
"KS",32,4,21750,"R",200,0,1.13472837466181,0.269386580199179,2.08762027758142,"ESTES (R KS-4)",387
"LA",45,4,21727,"R",200,3,1.13932778431639,0.499092641575081,2.01269458779574,"JOHNSON (R LA-4)",388
"SC",48,2,20138,"R",200,1,1.15487409255477,0.503781449707855,2.02199531000831,"WILSON (R SC-2)",389
"TN",54,4,21179,"R",200,7,1.16497329453897,0.536712359079615,1.86431396904009,"DESJARLAIS (R TN-4)",390
"CA",71,22,20307,"R",200,2,1.17483978359811,0.61099834270811,1.83998281678301,"NUNES (R CA-22)",391
"UT",67,1,20357,"R",200,6,1.17802858562385,0.553691956093687,1.94873876576457,"BISHOP (R UT-1)",392
"GA",44,11,21515,"R",200,4,1.17846306719803,0.521653962144815,2.06326283131489,"LOUDERMILK (R GA-11)",393
"MO",34,7,21150,"R",200,0,1.18356425581323,0.56531293530621,1.81890897995869,"LONG (R MO-7)",394
"FL",43,3,21317,"R",200,6,1.18648149269682,0.410981842908464,1.86046188641698,"YOHO (R FL-3)",395
"CA",71,23,20703,"R",200,4,1.1994973536827,0.508449380083263,1.90404654535318,"MCCARTHY (R CA-23)",396
"TN",54,3,21178,"R",200,0,1.20127475986059,0.608449649608225,1.73759595537233,"FLEISCHMANN (R TN-3)",397
"PA",14,4,21356,"R",200,4,1.21612755671726,0.48090350367719,2.16273868294193,"PERRY (R PA-4)",398
"TX",49,22,20948,"R",200,9,1.22482639494947,0.427443749833097,2.2294732067423,"OLSON (R TX-22)",399
"AL",41,1,21376,"R",200,2,1.23260666352688,0.524041584791656,1.8296538460475,"BYRNE (R AL-1)",400
"NC",47,6,21543,"R",200,14,1.2508618419568,0.70908162242498,1.88660673822288,"WALKER (R NC-6)",401
"UT",67,2,21367,"R",200,6,1.25202928360299,0.516965323292253,2.03180935784486,"STEWART (R UT-2)",402
"NE",35,1,20518,"R",200,7,1.26803613442119,0.470633583627388,2.05984162918297,"FORTENBERRY (R NE-1)",403
"TX",49,36,21551,"R",200,0,1.27532719983883,0.68955277222883,1.99853649232334,"BABIN (R TX-36)",404
"PA",14,10,21170,"R",200,46,1.2787379553737,0.531134866422127,2.13154159223526,"MARINO (R PA-10)",405
"GA",44,8,21123,"R",200,0,1.27907923220083,0.579121430534955,1.94192998465561,"SCOTT (R GA-8)",406
"IN",22,6,21332,"R",200,11,1.28894291367851,0.497006234566626,2.06804101016682,"MESSER (R IN-6)",407
"NC",47,10,20522,"R",200,0,1.34898982198135,0.59300767013777,2.06762133355038,"MCHENRY (R NC-10)",408
"NE",35,3,20729,"R",200,4,1.35399694307973,0.666926157945094,1.95695166025133,"SMITH (R NE-3)",409
"PA",14,3,21167,"R",200,14,1.36215821493224,0.50255791953349,2.05748353606849,"KELLY (R PA-3)",410
"IN",22,3,21702,"R",200,1,1.37240201466198,0.681412484504342,2.0776402113175,"BANKS (R IN-3)",411
"TX",49,8,29760,"R",200,10,1.37313604599843,0.579681407807122,1.98921734398716,"BRADY (R TX-8)",412
"CA",71,50,20963,"R",200,6,1.43502533747351,0.570856864679003,2.34409470935007,"HUNTER (R CA-50)",413
"VA",40,1,20756,"R",200,5,1.44854407940041,0.522946307886066,2.28055104264186,"WITTMAN (R VA-1)",414
"IA",31,4,20325,"R",200,7,1.46371349064401,0.851483581669192,2.39720899571597,"KING (R IA-4)",415
"TX",49,6,15085,"R",200,10,1.46726403145851,0.496588740711879,2.24406284892387,"BARTON (R TX-6)",416
"AR",42,4,21563,"R",200,0,1.47406575959744,0.791788437439768,2.4687454187784,"WESTERMAN (R AR-4)",417
"TX",49,31,20356,"R",200,0,1.47972002291788,0.62459839108892,2.20672021291304,"CARTER (R TX-31)",418
"NC",47,13,21708,"R",200,1,1.4803841895231,0.737351055969922,2.27587762814396,"BUDD (R NC-13)",419
"TX",49,3,29143,"R",200,0,1.50224921672299,0.50972839227755,2.14234689338246,"JOHNSON (R TX-3)",420
"TX",49,25,21364,"R",200,2,1.51335626379698,0.546025247471288,2.4612944758741,"WILLIAMS (R TX-25)",421
"MO",34,2,21337,"R",200,11,1.56253548117507,0.797119076885616,2.26529263377274,"WAGNER (R MO-2)",422
"GA",44,3,21717,"R",200,2,1.58971477866729,0.977657683087277,2.15737800318758,"FERGUSON (R GA-3)",423
"SC",48,3,21174,"R",200,20,1.63574154786145,0.766339680136468,2.37939502207635,"DUNCAN (R SC-3)",424
"MS",46,1,21561,"R",200,0,1.67583169814612,0.668485889082564,2.90244066293756,"KELLY (R MS-1)",425
"CO",62,5,20704,"R",200,6,1.70242209418219,0.736675684076444,2.76778522740054,"LAMBORN (R CO-5)",426
"FL",43,11,21116,"R",200,8,1.73544882686796,1.02808128877248,2.53691263438419,"WEBSTER (R FL-11)",427
"WI",25,5,14657,"R",200,1,1.75495037176392,1.01627367686691,2.62946036680502,"SENSENBRENN (R WI-5)",428
"VA",40,5,21721,"R",200,2,1.75684230861632,0.823115620769109,2.54651735619503,"GARRETT (R VA-5)",429
"MD",52,1,21139,"R",200,15,1.80696814813917,0.661999107776542,2.99504869490727,"HARRIS (R MD-1)",430
"OK",53,1,21354,"R",200,16,1.81941027580886,0.904480521661657,2.765535725627,"BRIDENSTINE (R OK-1)",431
"LA",45,5,21522,"R",200,2,1.82097433648516,0.809485575143326,2.64839125496281,"ABRAHAM (R LA-5)",432
"VA",40,7,21553,"R",200,5,2.39558108970079,1.68357300859128,3.24995483165288,"BRAT (R VA-7)",433
